{
  "op": "logistic_regression",
  "attributes": {
    "num_classes": {
      "long": 2
    },
    "coefficients": {
      "double": [0.0, 0.0, 0.0, 0.0, 0.0, 0.0, 0.0, 0.0, 0.06650369305168147, -0.05833987602282236, 0.46034407404450095, -0.439934531472353, -0.5121460427345405, 0.0, 0.6543597149834665, -0.09059408499085582, 0.0, -0.6435614525107695, 0.5388485497386784, -0.5587640509761618, 0.5388485497386784, -0.518439007166528, 0.0, 0.0, -0.5183049552483656, 0.5299675510038797, -0.6090303563190335, 0.6181012641288743, -0.3047200275209269, 0.31379093533077146, -0.6996963495204381, 0.7113589452759529, 0.0, 0.0, -0.5128130970527099, 0.5244756928082225, -0.5128130970527099, 0.5244756928082225, 0.7404287673337868, -0.7322649503049311, 0.5277878309015355, -0.516125235146021, 0.0, 0.0, 0.0, 0.0, -0.5143669273010685, 0.5260295230565837, -0.5143669273010685, 0.5260295230565837, -0.2995200635095701, 0.3085909713194134, -0.12413358434124408, 0.0, 0.006967380513685331, 0.6138298188655894, 0.437199231975909, 0.7365844665968282, 0.1053797770802937, 0.06265939231472169, 0.15175118547420022, -0.5649229634899856, -2.1567708206595912, 26.42717628488666, 0.0, 0.0, 0.0, 0.0, 0.0, 0.0, 0.0, 0.0, 0.0, 0.0, -0.6230074475016559, -8.089294545370292, -0.6230074475016559, -0.6174086678789313, 0.5246850192953514, -0.6870960322991007, 7566012181728385, 0.46328463003317716, 0.0, 0.0, 0.4848752363228263, -1.0068538028924143, 0.6687299493572202, -1.3886320483690018, -0.5142071458160017, 1.0677621405573212, 0.0, 0.0, 0.45785506655700314, 1.459289602555932, 0.6314642871713061, 2.0126221941452576, -0.4855524253148772, -1.5475674673343354, 0.0, 0.0, 1.661293860221899, -0.452793029049133, 2.2912223099675595, -0.6244828291947038, -1.761791715132258, 0.48018416629906124, 0.0, 0.0, -0.0005213096572120458, 0.45726703531584356, -0.0007189795529890412, 0.6115757732146603, 0.0005528456205646506, -0.44287508746102955, -2.931183897806522, 29.295964964476738, 0.0, 0.0, 0.0, 0.0, 0.0, 0.0, 0.0, 0.0, -0.0005284905578293895, 0.46328463003317716, -0.0607918662894321, 0.33379530820315273, -0.3731266033995092, 0.33042821392053306, 0.5564269305543205, -0.1107213615564384, -0.0036594365681522608, 0.5422866065217896, -0.38649909535508326, 0.8025736412606812, -0.38649909535508326, 0.8025736412606812, 0.09575887185258149, -0.19884534631351372, -0.5813837271753395, 1.2072557490985656, -0.36496103692580495, -1.163214924165421, -0.36496103692580495, -1.163214924165421, 0.09042261052139296, 0.2881976961882216, -0.5489855227908508, -1.7497433661415627, -1.324234619536686, 0.3609260341645112, -1.324234619536686, 0.3609260341645112, 0.32809187591620514, -0.08942289974072841, -1.9919541029030006, 0.5429159485726532, 0.00041554135129758744, -0.3391527445775324, 0.00041554135129758744, -0.3391527445775324, -0.000102954370363524, 0.09443957939349225, 0.0006250699743318072, -0.5121460427345405, 0.0, 0.0, -0.43802483780049156, 0.45843438037264045, -0.5133536639114264, 0.525016259666941, -0.33393416743606286, 0.3430050752459072, -0.6980160318126253, 0.7096786275681389, 0.002848738812941358, 0.0029580511748537788, 0.09706975404913945, 0.0, 0.006366050917819498, -0.0004706231919569724, 0.09292157218248054, -0.7574154019587054, 0.004196426695068879, 0.0011663595658639033, 0.11866037506765016, -0.7574154019587054, 0.009964618440593343, -0.0034253177709438736, 0.12127770456430366, -0.5128130970527099, 0.014364094939650515, -0.005156648215428571, 0.05104423133797265, -0.43898853946960437, 0.0, 0.0, -0.518439007166528, 0.5388485497386784, 0.06025235442778769, -0.05208853739892834, 0.06025235442778769, -0.05208853739892834, -0.12265445969854924, 0.13081827672740867, -1.151792599223535E-20, 0.0, 4.352542582611409E-20, 0.46034407404450095, -1.4325997115359236E-19, 0.46034407404450095, 6.583207974484308E-20, 0.6115757732146603, -6.776247422677386E-20, 0.7357320479064674, -0.2511197177751722, 0.7711212732387057, 0.1037480854264039, 0.46328463003317716, -0.22713120600898357, 0.7679862568744982, -0.21497155406833207, 0.3091097913446589, -0.6106209709120907, 0.666098976837963, 0.0, 0.0, 0.0, 0.0, 0.0, 0.0, 0.0, 0.0, 0.0, 0.0, 0.09047340585434248, 0.6086131940734713, -0.31869520971239995, 0.2809864381283015, -0.7589154647334794, 0.05715854313923984, -0.5335358432204339, 0.1394178770283, -0.13270003948476822, -0.026210120956324683, 0.030992769416131292, 0.0, -0.23503250800488562, 0.45726703531584356, -0.08741235146356292, -0.11957403643033442, -0.17328985140327144, -0.11957403643033442, 0.0, 0.0, -0.5200632630933161, 0.5317258588488325, -0.9164911211443524, 0.9246549381732065, -0.9164911211443524, 0.9246549381732065, -1.221553261411875, 1.2306241692217148, 0.0, 0.0, -0.4368574927436945, 0.45726703531584356, -0.4368574927436945, 0.45726703531584356, 0.09837242135207039, -0.09020860432321136, -0.6548366491237687, 0.6664992448792828, 0.0, 0.0, -0.6095491763442714, 0.6186200841541176, -0.09020860432321136, 0.09837242135207039, -0.3034615760550538, 0.31253248386489657, -1.602530702210122, 1.6229402447822725, -0.002631987378106404, 0.0, 0.01773011400834097, -1.6848126857052623, 0.10055308195462044, -0.7014546573653891, 0.0204529541682896, -0.7605863173143832, -0.012451050877514488, -0.6409189827752049, 0.6021076074545767, 0.0, 0.0, -0.44287508746102955, 0.46328463003317716, -0.5150339816192374, 0.5266965773747528, 0.0967292609338815, -0.0885654439050216, 0.6473154040440124, -0.6382444962341659, 0.0, 0.0, 0.7096786275681389, -0.6980160318126253, 0.12533081557225959, -0.1171669985434006, -0.2695178298469358, 0.2785887376567808, -0.6078183728408263, 0.6194809685963445, 0.0, 0.0, -0.449766636368799, 0.4701761789409467, -0.5217435808011286, 0.5334061765566432, -0.09059408499085582, 0.0987579020197156, 0.45843438037264045, -0.43802483780049156, 0.0, 0.0, 0.0, 0.0, 0.0, 0.0, 0.0, 0.0, 0.0, 0.0, 0.0, 0.0, 0.0, 0.0, 0.0, 0.0, 0.0, 0.0, 0.0, 0.0, 0.0, 0.0, 0.0, 0.0, 0.0, 0.0, 0.0, 0.0, 0.0, 0.0, 0.0, 0.0, 0.2854400772422244, 0.2841159834642361, 0.0, 0.0, 0.0, 0.0, 0.0, 0.0, 0.0, 0.0, 0.33480542838942334, 0.0, 0.0, 0.0, 0.0, 0.0, 0.0, 0.286027855121346, 0.0, 0.28785492528413886, 0.0, 0.0, 0.0, 0.0, 0.0, 0.0, 0.0, 0.0, 0.0, 0.0, 0.0, 0.0, 0.0, 0.0, 0.0, 0.0, 0.0, 0.0, 0.2854400772422244, 0.0, 0.0, 0.0, 0.0, 0.0, 0.0, 0.0, -0.9957083089874955, 0.0, 0.0, 0.0, 0.0, 0.0, 0.0, 0.0, 0.0, 0.0, 0.0, 0.0, 0.0, 0.0, 0.2841159834642361, 0.0, 0.0, 0.0, 0.0, 0.28785492528413886, 0.0, 0.2841159834642361, 0.0, 0.0, 0.0, 0.0, 0.0, 0.0, 0.0, 0.0, 0.0, 0.0, 0.0, 0.0, 0.0, 0.0, 0.0, 0.0, 0.0, 0.0, 0.0, 0.0, 0.0, 0.0, 0.0, 0.0, 0.0, 0.0, 0.0, 0.0, 0.0, 0.0, 0.0, 0.0, 0.0, 0.0, 0.0, 0.0, 0.0, 0.0, 0.0, 0.0, 0.0, 0.0, 0.0, 0.0, 0.0, 0.0, 0.0, 0.0, -0.5374371624155202, 0.0, 0.2848412957287107, 0.0, 0.0, 0.0, 0.0, 0.0, 0.0, 0.0, 0.0, 0.0, 0.0, 0.0, 0.0, 0.0, 0.0, 0.0, 0.0, 0.0, 0.0, 0.0, 0.0, 0.0, 0.0, 0.0, 0.0, 0.0, 0.0, 0.0, 0.0, 0.0, 0.0, 0.0, 0.0, 0.0, 0.0, 0.0, -0.9957083089874955, 0.0, 0.0, 0.0, 0.0, 0.0, 0.0, 0.0, 0.0, 0.0, 0.0, 0.0, 0.2848412957287107, 0.0, 0.0, 0.0, 0.0, 0.2921368853737609, 0.0, 0.0, 0.0, 0.0, 0.0, 0.0, 0.0, 0.0, 0.0, 0.0, 0.0, 0.0, 0.0, 0.0, 0.0, 0.0, 0.0, 0.0, 0.0, 0.0, 0.0, 0.2921368853737609, 0.0, 0.0, 0.0, 0.0, 0.0, 0.0, 0.0, 0.0, 0.0, 0.0, 0.0, 0.0, 0.0, 0.0, 0.0, 0.0, 0.0, 0.0, 0.0, 0.0, 0.0, 0.0, 0.0, 0.0, 0.0, 0.0, 0.0, 0.0, 0.0, 0.0, 0.0, 0.0, 0.0, 0.0, 0.0, 0.0, 0.33480542838942334, 0.0, 0.0, 0.0, 0.0, 0.0, 0.0, 0.0, 0.0, 0.0, 0.0, 0.0, 0.0, 0.0, 0.0, 0.0, 0.0, 0.0, 0.0, 0.0, 0.0, 0.0, 0.0, 0.0, 0.0, 0.0, 0.0, 0.0, 0.0, 0.0, 0.28785492528413886, 0.0, 0.0, 0.0, 0.0, 0.0, 0.0, 0.0, 0.0, 0.0, 0.0, 0.0, 0.0, 0.0, 0.0, 0.0, 0.2841159834642361, 0.0, 0.2841159834642361, 0.0, 0.0, 0.0, 0.0, 0.0, 0.0, 0.0, 0.0, 0.0, 0.0, 0.0, 0.0, 0.0, 0.0, 0.0, 0.0, 0.0, 0.0, 0.0, 0.0, 0.0, 0.0, 0.0, 0.0, 0.0, 0.0, 0.0, 0.286027855121346, 0.0, 0.0, 0.0, -0.9957083089874955, 0.0, 0.0, 0.0, 0.0, 0.0, 0.07758138597734567, 0.0, 0.0, 0.0, 0.0, 0.0, 0.28785492528413886, 0.0, 0.0, 0.0, 0.0, 0.2921368853737609, 0.0, 0.0, 0.0, 0.0, 0.0, 0.0, 0.0, 0.0, 0.0, 0.0, 0.0, 0.0, 